{"valueType":"nodes","values":[{"city":"London","updatedAt":"2018-09-28T14:04:17.000Z","_typeName":"Address","postcode":"SE14 6TY","id":"cjmm2wfjd1srs0197y5ifs0lw","createdAt":"2018-09-28T14:04:17.000Z","street":"388 New Cross Road,"},{"city":"London","updatedAt":"2018-09-28T14:10:08.000Z","_typeName":"Address","postcode":"TW11 0EQ","id":"cjmm33y8y1v820134co1aq0dz","createdAt":"2018-09-28T14:10:08.000Z","street":"1 Sandy Lane Gates,"},{"city":"London","updatedAt":"2018-09-28T14:15:36.000Z","_typeName":"Address","postcode":"SE14 6NW","id":"cjmm3azrc1wjj0119uh2o3wju","createdAt":"2018-09-28T14:15:36.000Z","street":"Dixon Rd, New Cross,"},{"city":"London","updatedAt":"2018-09-28T14:15:42.000Z","_typeName":"Address","postcode":"SW1Y 4PS","id":"cjmm3b3je1w3x01439j79v3m4","createdAt":"2018-09-28T14:15:42.000Z","street":"29 Haymarket, SW1Y 4PS"},{"city":"London","updatedAt":"2018-09-28T15:09:25.000Z","_typeName":"Address","postcode":"W1G 8PJ","id":"cjmm5866803z8011602f52t8f","createdAt":"2018-09-28T15:09:25.000Z","street":"13 Westmoreland St, Marylebone"},{"updatedAt":"2018-10-01T15:58:18.000Z","_typeName":"Event","description":"Join to see the latest comedy acts from Edinburgh fringe festival","id":"cjmm3gl7b1xy70136mn7rgom9","headerImageUrl":"https://licklist.s3-eu-west-2.amazonaws.com/images/original/000/000/069/532/899-yiiubsfgz2wcmsor.jpeg","date":"2015-11-22T13:57:31.123Z","createdAt":"2018-09-28T14:19:57.000Z","title":"Comedy Night","wideImageUrl":"https://static1.squarespace.com/static/5740a666356fb0ac05b2b01c/57925ffbff7c50967ec7f569/57925ffbb3db2b21a0ce9034/1469210669869/Amersham%2BArms%2BPIC.jpeg"},{"updatedAt":"2018-10-01T15:58:18.000Z","_typeName":"Event","description":"Pop Up Dating Events Takes The Stigma Out Of dating events! Pop Up Dating Events are aimed at cool, single professionals on the go!","id":"cjmm3s2be20yr0134qq0jc1p5","headerImageUrl":"https://popupspeeddating.com/wp-content/uploads/2015/03/couple3-e1426061604673.jpg","date":"2018-08-14T13:57:31.123Z","createdAt":"2018-09-28T14:28:53.000Z","title":"Pop Up dating","wideImageUrl":"https://previews.123rf.com/images/iakov/iakov1310/iakov131000106/23175188-cocktails-und-tropische-fr%C3%BCchte-am-strand.jpg"},{"updatedAt":"2018-10-01T15:58:18.000Z","_typeName":"Event","description":"Join to see the hottest new band in London","id":"cjmm458xz23q50163qfe4113k","headerImageUrl":"https://i.ytimg.com/vi/kcMvJMXxTeo/maxresdefault.jpg","date":"2015-11-22T13:57:31.123Z","createdAt":"2018-09-28T14:39:08.000Z","title":"New Town Kings","wideImageUrl":"http://www.urban75.org/offline/images/new-town-kings-james-pyke-jul11-07.jpg"},{"updatedAt":"2018-10-01T15:58:18.000Z","_typeName":"Event","description":"Join for a night of Disco in the park!","id":"cjmm4bri325gy0163tatrfeco","headerImageUrl":"https://r.hswstatic.com/w_907/gif/podcasts/stuffyoushouldknow-podcasts-wp-content-uploads-sites-16-2014-03-disco600x350.jpg","date":"2015-11-22T13:57:31.123Z","createdAt":"2018-09-28T14:44:12.000Z","title":"70s Night - Disco Inferno","wideImageUrl":"https://images-na.ssl-images-amazon.com/images/I/51bNxGuYf5L.jpg"},{"updatedAt":"2018-10-01T15:58:18.000Z","_typeName":"Event","description":"Join us for a Pub Quiz!","id":"cjmm5hlom05xl01177niz6bgj","headerImageUrl":"https://ukstar.eurostarsoftwaretesting.com/wp-content/uploads/2017/02/pub-quiz-group.jpg","date":"2015-11-22T13:57:31.123Z","createdAt":"2018-09-28T15:16:44.000Z","title":"Pub Quiz","wideImageUrl":"http://www.tt.com/csp/cms/sites/dt.common.streams.StreamServer.cls?STREAMOID=zTZdtM0oW4cH1BLoBmmdLc$daE2N3K4ZzOUsqbU5sYsfFsWR$oaCOgrP9_Hwj4htWCsjLu883Ygn4B49Lvm9bPe2QeMKQdVeZmXF$9l$4uCZ8QDXhaHEp3rvzXRJFdy0KqPHLoMevcTLo3h8xh70Y6N_U_CryOsw6FTOdKL_jpQ-&CONTENTTYPE=image/jpeg"},{"scanCodeImageUrl":"https://pbs.twimg.com/media/BesJ0qXCUAA3EJx.png","updatedAt":"2018-09-28T14:22:21.000Z","_typeName":"Promotion","id":"cjmm3jnur1xzk0197f9s48xgh","headerImageUrl":"https://www.bbcgoodfood.com/sites/default/files/styles/recipe/public/recipe_images/mojito.jpg?itok=Qbq1QLQW","createdAt":"2018-09-28T14:22:21.000Z","offer":"Buy 4 Mojitos - Get 2 free","wideImageUrl":"http://babalbahr.cdn.rixos.com/images/socialImage/MojitoBar.jpg"},{"scanCodeImageUrl":"https://pbs.twimg.com/media/BesJ0qXCUAA3EJx.png","updatedAt":"2018-09-28T15:12:01.000Z","_typeName":"Promotion","id":"cjmm4gp6i260y0140y35qbgwk","headerImageUrl":"https://i.pinimg.com/originals/51/65/9e/51659e56a29e546804becb86a7aa434e.png","createdAt":"2018-09-28T14:48:02.000Z","offer":"Free Jug of WooWoo","wideImageUrl":"https://www.bbcgoodfood.com/sites/default/files/styles/recipe/public/recipe/recipe-image/2018/06/440x400-woo-woo.jpg?itok=U4xGgxZE"},{"scanCodeImageUrl":"https://pbs.twimg.com/media/BesJ0qXCUAA3EJx.png","updatedAt":"2018-09-28T14:50:08.000Z","_typeName":"Promotion","id":"cjmm4je8g26su011577avqa4r","headerImageUrl":"https://media-cdn.tripadvisor.com/media/photo-s/0c/f4/63/45/jagerbombs.jpg","createdAt":"2018-09-28T14:50:08.000Z","offer":"Free round of Jagerbombs","wideImageUrl":"https://www.sickchirpse.com/wp-content/uploads/2018/09/Jagerbombs.jpg"},{"scanCodeImageUrl":"https://pbs.twimg.com/media/BesJ0qXCUAA3EJx.png","updatedAt":"2018-09-28T15:19:41.000Z","_typeName":"Promotion","id":"cjmm5lefg06py0106lccfekw8","headerImageUrl":"https://images.mentalfloss.com/sites/default/files/styles/mf_image_16x9/public/52941-istock-625721806.jpg?itok=ASBUbBQD&resize=1100x1100","createdAt":"2018-09-28T15:19:41.000Z","offer":"241 on all craft beer","wideImageUrl":"https://foragerfunds.com/wp-content/uploads/2016/09/AdobeStock_112789060-e1475111038354.jpeg"},{"scanCodeImageUrl":"https://pbs.twimg.com/media/BesJ0qXCUAA3EJx.png","updatedAt":"2018-09-28T15:26:14.000Z","_typeName":"Promotion","id":"cjmm5ttnd09420131n0sxvnc9","headerImageUrl":"https://static.designmynight.com/uploads/2018/04/The-Social-1-optimised.jpg","createdAt":"2018-09-28T15:26:14.000Z","offer":"Free entry VIP Guestlist","wideImageUrl":"https://static.designmynight.com/uploads/2018/04/The-Social-1-optimised.jpg"},{"updatedAt":"2018-10-01T16:03:36.000Z","_typeName":"Venue","description":"The Amersham arms makes Timeout's top ten best comedy clubs and nights in the capital","id":"cjmm2wfjc1srr01972cvrhsdv","headerImageUrl":"https://s0.geograph.org.uk/geophotos/02/52/33/2523343_2dfefa65.jpg","createdAt":"2018-09-28T14:04:17.000Z","title":"The Amersham","wideImageUrl":"https://static1.squarespace.com/static/5740a666356fb0ac05b2b01c/57925ffbff7c50967ec7f569/57925ffb15d5db0988e48b09/1469210659973/amersham-arms-new-cross.jpg"},{"updatedAt":"2018-10-01T16:03:27.000Z","_typeName":"Venue","description":"With an area of 445 hectares (1,099 acres), Bushy is the second largest of the Royal Parks.","id":"cjmm33y8y1v810134mrc8s9wl","headerImageUrl":"https://www.royalparks.org.uk/parks/bushy-park/things-to-see-and-do/diana-fountain/_gallery/Diana-Fountain-and-Chestnut-Avenue.jpg/w_1200.jpg","createdAt":"2018-09-28T14:10:08.000Z","title":"Bushy Park","wideImageUrl":"https://images.parkrun.com/event/bushy/eventhomepagepicture.jpg"},{"updatedAt":"2018-10-01T16:05:40.000Z","_typeName":"Venue","description":"We've got a packed events programme throughout the year from Welcome Week right through to graduation. With live music, club nights, coffee hours, comedy nights, performances, trips and more, you're sure to find something to entertain you.","id":"cjmm3azrc1wji0119odnb9qmc","headerImageUrl":"http://www.eastlondonlines.co.uk/ell_wp/wp-content/uploads/2015/11/Goldsmith-SU.png","createdAt":"2018-09-28T14:15:36.000Z","title":"Goldsmiths's Student Union","wideImageUrl":"https://www.gold.ac.uk/media/study-section/vod/Richard-Hoggart-Building_161.jpg"},{"updatedAt":"2018-10-01T15:58:18.000Z","_typeName":"Venue","description":"Tiger Tiger Club London offers a fantastic and wild night out at one of the best nightclubs in the capital. Much more than just a night, a truly great experience is guaranteed to get the appetite of anyone and everyone passing through its doors.","id":"cjmm3b3je1w3w01430hbvdrvv","headerImageUrl":"http://www.keytothecity.co.uk/images/manchester/tiger-tiger-manchester-14a-lrg.jpg","createdAt":"2018-09-28T14:15:42.000Z","title":"Tiger Tiger","wideImageUrl":"https://static.independent.co.uk/s3fs-public/styles/story_large/public/thumbnails/image/2016/11/30/18/lifestyle.jpg"},{"updatedAt":"2018-10-01T15:58:18.000Z","_typeName":"Venue","description":"Pub with a wooden, horseshoe-shaped bar serving cask ales and traditional pub food.","id":"cjmm5866003z701164ccf0omq","headerImageUrl":"https://media-cdn.tripadvisor.com/media/photo-s/07/fa/da/87/the-kings-head.jpg","createdAt":"2018-09-28T15:09:25.000Z","title":"The Kings Head","wideImageUrl":"http://www.thekingsheadenfield.co.uk/wp-content/uploads/2014/12/The-Bar-at-The-Kings-Head-Pub-Enfield.jpg"}]}