{"valueType":"lists","values":[{"_typeName":"Event","id":"cjmm3gl7b1xy70136mn7rgom9","secondaryImageUrls":["https://s3-media4.fl.yelpcdn.com/bphoto/S03SVVQLXME8ZnCheDjRZQ/180s.jpg","http://www.bigfishlittlefishevents.co.uk/wp-content/uploads/2015/10/IMG_4696-e1447579288647-768x1024.jpg","http://www.smithsmagazine.co.uk/wp-content/uploads/2014/04/photo-1.jpg"]},{"_typeName":"Event","id":"cjmm3s2be20yr0134qq0jc1p5","secondaryImageUrls":["https://www.allinlondon.co.uk/images/whatson/large/203550.jpg","https://www.mailexperiences.co.uk/content/img/product/large/royal-cocktails-with-sharing-18100237.jpg","https://d3hne3c382ip58.cloudfront.net/files/uploads/bookmundi/resized/cms/paloma-bar-in-iceland-1499864129-1000X561.jpg"]},{"_typeName":"Event","id":"cjmm458xz23q50163qfe4113k","secondaryImageUrls":["https://f4.bcbits.com/img/0002472882_10.jpg","https://encrypted-tbn0.gstatic.com/images?q=tbn:ANd9GcT7cyg4gwzEz25xcrgrIOfiVXdyX6VKpCtHT9qdqZ8TNOj_SWyk8Q","https://encrypted-tbn0.gstatic.com/images?q=tbn:ANd9GcRq8o5Kc8Bkoo-uitQgikMILSRNc03SN7FSg1EiNk3kxcngm0A3gA"]},{"_typeName":"Event","id":"cjmm4bri325gy0163tatrfeco","secondaryImageUrls":["https://www.wallpaperup.com/uploads/wallpapers/2014/09/27/458698/82321c79fc2b450bc20520ed69f66817-700.jpg","https://assets-news-bcdn.dailyhunt.in/cmd/resize/400x400_60/fetchdata13/images/2b/71/e6/2b71e67fdd1d54841b538bde7edab2ce.jpg","http://www.enlightedevents.com/wp-content/uploads/sites/25/2015/10/IMG_1623-1024x683-1024x683.jpg"]},{"_typeName":"Event","id":"cjmm5hlom05xl01177niz6bgj","secondaryImageUrls":["https://media.timeout.com/images/73255/image.jpg","https://media.timeout.com/images/102998935/image.jpg","https://secure.i.telegraph.co.uk/multimedia/archive/02115/max_2115567b.jpg"]},{"_typeName":"Venue","id":"cjmm2wfjc1srr01972cvrhsdv","secondaryImageUrls":["https://encrypted-tbn0.gstatic.com/images?q=tbn:ANd9GcQOBU1S2kcndF7ZzwTQ3SHuwwvX3dV2jQUkZsPHZ0VKU0ERUOLy","https://www.hunguplive.co.uk/wp-content/uploads/2015/02/amershamarms-1.jpg","https://www.pubsgalore.co.uk/images/display/24001_24500/24113_ffb79cfd.jpg?w=2"]},{"_typeName":"Venue","id":"cjmm33y8y1v810134mrc8s9wl","secondaryImageUrls":["https://upload.wikimedia.org/wikipedia/commons/thumb/b/b1/Midwinter_sunshine_in_Bushy_Park%2C_Teddington_P2120008.JPG/1200px-Midwinter_sunshine_in_Bushy_Park%2C_Teddington_P2120008.JPG","https://www.gavinjones.co.uk/wp-content/uploads/2017/03/bushypark.jpg","https://c1.staticflickr.com/1/389/18615438400_1c8821c9ca.jpg"]},{"_typeName":"Venue","id":"cjmm3azrc1wji0119odnb9qmc","secondaryImageUrls":["https://lewishamlocal.com/wp-content/uploads/2018/08/Goldsmiths-SU-Front.jpeg","http://www.eastlondonlines.co.uk/ell_wp/wp-content/uploads/2016/02/staffs.jpg"]},{"_typeName":"Venue","id":"cjmm3b3je1w3w01430hbvdrvv","secondaryImageUrls":["https://crazycowevents.com/wp-content/uploads/2015/07/Tiger-Tiger-London-Luxe-1.jpg","https://media-cdn.tripadvisor.com/media/photo-o/05/99/41/65/groovy-dancefloor.jpg","https://thump-images.vice.com/images/2016/01/15/tiger-tiger-body-image-1452858660.jpg?crop=1xw%3A0.8035714285714286xh%3Bcenter%2Ccenter&resize=650%3A*&output-quality=55"]},{"_typeName":"Venue","id":"cjmm5866003z701164ccf0omq","secondaryImageUrls":["https://media-cdn.tripadvisor.com/media/photo-s/07/fa/da/79/the-kings-head.jpg","http://www.kingsheadgower.co.uk/wp-content/uploads/2014/02/3.jpg","https://kingsheadpubbeverley.com/wp-content/uploads/sites/7/2015/03/TKH_SLIDES_home_slide_3_860x570.jpg"]}]}