{"valueType":"relations","values":[[{"_typeName":"Venue","id":"cjmm2wfjc1srr01972cvrhsdv","fieldName":"events"},{"_typeName":"Event","id":"cjmm3gl7b1xy70136mn7rgom9","fieldName":"venue"}],[{"_typeName":"Venue","id":"cjmm3azrc1wji0119odnb9qmc","fieldName":"events"},{"_typeName":"Event","id":"cjmm458xz23q50163qfe4113k","fieldName":"venue"}],[{"_typeName":"Venue","id":"cjmm33y8y1v810134mrc8s9wl","fieldName":"events"},{"_typeName":"Event","id":"cjmm4bri325gy0163tatrfeco","fieldName":"venue"}],[{"_typeName":"Venue","id":"cjmm3b3je1w3w01430hbvdrvv","fieldName":"events"},{"_typeName":"Event","id":"cjmm3s2be20yr0134qq0jc1p5","fieldName":"venue"}],[{"_typeName":"Venue","id":"cjmm5866003z701164ccf0omq","fieldName":"events"},{"_typeName":"Event","id":"cjmm5hlom05xl01177niz6bgj","fieldName":"venue"}],[{"_typeName":"Venue","id":"cjmm2wfjc1srr01972cvrhsdv","fieldName":"promotions"},{"_typeName":"Promotion","id":"cjmm3jnur1xzk0197f9s48xgh","fieldName":"venue"}],[{"_typeName":"Venue","id":"cjmm33y8y1v810134mrc8s9wl","fieldName":"promotions"},{"_typeName":"Promotion","id":"cjmm4je8g26su011577avqa4r","fieldName":"venue"}],[{"_typeName":"Venue","id":"cjmm3b3je1w3w01430hbvdrvv","fieldName":"promotions"},{"_typeName":"Promotion","id":"cjmm4gp6i260y0140y35qbgwk","fieldName":"venue"}],[{"_typeName":"Venue","id":"cjmm3azrc1wji0119odnb9qmc","fieldName":"promotions"},{"_typeName":"Promotion","id":"cjmm5lefg06py0106lccfekw8","fieldName":"venue"}],[{"_typeName":"Venue","id":"cjmm5866003z701164ccf0omq","fieldName":"promotions"},{"_typeName":"Promotion","id":"cjmm5ttnd09420131n0sxvnc9","fieldName":"venue"}],[{"_typeName":"Address","id":"cjmm2wfjd1srs0197y5ifs0lw","fieldName":"venue"},{"_typeName":"Venue","id":"cjmm2wfjc1srr01972cvrhsdv","fieldName":"address"}],[{"_typeName":"Address","id":"cjmm33y8y1v820134co1aq0dz","fieldName":"venue"},{"_typeName":"Venue","id":"cjmm33y8y1v810134mrc8s9wl","fieldName":"address"}],[{"_typeName":"Address","id":"cjmm3azrc1wjj0119uh2o3wju","fieldName":"venue"},{"_typeName":"Venue","id":"cjmm3azrc1wji0119odnb9qmc","fieldName":"address"}],[{"_typeName":"Address","id":"cjmm3b3je1w3x01439j79v3m4","fieldName":"venue"},{"_typeName":"Venue","id":"cjmm3b3je1w3w01430hbvdrvv","fieldName":"address"}],[{"_typeName":"Address","id":"cjmm5866803z8011602f52t8f","fieldName":"venue"},{"_typeName":"Venue","id":"cjmm5866003z701164ccf0omq","fieldName":"address"}]]}